feature,mean_abs_shap
num__dst_port,0.042573523
cat__proto_tcp,0.042210035
cat__proto_udp,0.03857918
cat__service_dns,0.036870636
cat__dns_rejected_F,0.02469327
cat__conn_state_REJ,0.02349747
cat__conn_state_S0,0.023149226
num__src_port,0.022243299
cat__dns_RA_F,0.02157734
cat__service_http,0.016290365
num__src_pkts,0.014382268
cat__service_-,0.010698402
num__src_ip_bytes,0.010542723
num__dst_pkts,0.009123356
cat__dns_query_-,0.008301494
cat__conn_state_SF,0.008190431
cat__dns_AA_-,0.007570577
cat__dns_query_a2z3kk2ebqzso7.iot.ap-southeast-2.amazonaws.com,0.0075006415
num__duration,0.0072085047
cat__dns_rejected_-,0.0064834277
num__dst_ip_bytes,0.005721899
cat__conn_state_SHR,0.0055734087
cat__dns_RD_-,0.0050953175
cat__dns_RA_-,0.0047703604
cat__conn_state_S3,0.0036332423
cat__conn_state_S1,0.0035481146
cat__dns_RD_F,0.0032407085
cat__dns_query_elasticsearch,0.003209474
cat__dns_query_testphp.vulnweb.com/listproducts.php.hub,0.00315038
num__dst_bytes,0.0028770685
cat__dns_RD_T,0.0027902268
cat__dns_query_broker.hivemq.com,0.0027303472
cat__dns_RA_T,0.0024984267
num__src_bytes,0.0024321629
cat__dns_AA_F,0.0024209258
cat__conn_state_OTH,0.0021795165
cat__dns_rejected_T,0.0020492254
num__dns_rcode,0.0018652674
num__dns_qtype,0.0018569502
num__dns_qclass,0.0016177956
cat__dns_query_192.168.1.195/dvwa/login.php-r,0.0014906311
cat__conn_state_SH,0.0013420549
cat__conn_state_RSTOS0,0.001274819
cat__service_ftp,0.0010085113
cat__dns_query_testphp.vulnweb.com,0.000984674
cat__dns_query_www.mqtt-dashboard.com,0.0008159346
cat__dns_query_www.bing.com,0.0007870057
cat__conn_state_RSTRH,0.00071809755
cat__dns_query_testphp.vulnweb.com/listproducts.php,0.00069723127
cat__conn_state_RSTO,0.00051752967
cat__dns_AA_T,0.00045889046
cat__dns_query_v10.events.data.microsoft.com,0.00034390148
cat__conn_state_RSTR,0.00031478208
cat__dns_query_safebrowsing.googleapis.com,0.00029285916
cat__dns_query_wpad.hub,0.0001482555
cat__service_ssl,0.00014298392
cat__dns_query_desktop-18ss3ba,0.00013845602
cat__dns_query_desktop-p3kklkq,0.00010908071
cat__dns_query_ari.delta.aridns.net.au,3.3264183e-05
cat__dns_query_2.f.1.2.a.e.f.f.1.0.0.0.0.0.0.0.0.0.0.0.0.0.0.0.0.0.0.0.2.0.f.f.ip6.arpa,2.180054e-05
cat__dns_query_u3.amazonaws.com,1.90373e-05
num__missed_bytes,8.341595e-06
cat__dns_query_surveygizmobeacon.s3.amazonaws.com,0.0
cat__dns_query_store-images.s-microsoft.com,0.0
cat__dns_query_sunnyhoi.disqus.com,0.0
cat__dns_query_storage.googleapis.com,0.0
cat__dns_query_sync-tm.everesttech.net,0.0
cat__dns_query_syndication.twitter.com,0.0
cat__dns_query_telemetry-incoming.r53-2.services.mozilla.com,0.0
cat__dns_query_teredo.ipv6.microsoft.com,0.0
cat__dns_query_sucuri.7eer.net,0.0
cat__dns_query_thorn.blackrose.org,0.0
cat__dns_query_support.mozilla.org,0.0
cat__dns_query_staticxx.facebook.com,0.0
cat__dns_query_status.ws,0.0
cat__dns_query_status.rapidssl.com,0.0
cat__dns_query_secure.gravatar.com,0.0
cat__dns_query_securepubads.g.doubleclick.net,0.0
cat__dns_query_security.ubuntu.com,0.0
cat__dns_query_seit593,0.0
cat__dns_query_self-repair.mozilla.org,0.0
cat__dns_query_services.addons.mozilla.org,0.0
cat__dns_query_settings-win.data.microsoft.com,0.0
cat__dns_query_sg2p.wns.notify.windows.com.akadns.net,0.0
cat__dns_query_sg2p.wns.windows.com,0.0
cat__dns_query_shavar.prod.mozaws.net,0.0
cat__dns_query_shavar.services.mozilla.com,0.0
cat__dns_query_skype.com,0.0
cat__dns_query_snapcraft.io,0.0
cat__dns_query_sourceforge.net,0.0
cat__dns_query_ssl.gstatic.com,0.0
cat__dns_query_static-media-prod-cdn.sumo.mozilla.net,0.0
cat__dns_query_static.adsafeprotected.com,0.0
cat__dns_query_static.agkn.com,0.0
cat__dns_query_static.criteo.net,0.0
cat__dns_query_tiles-cloudfront.cdn.mozilla.net,0.0
cat__dns_query_stats.g.doubleclick.net,0.0
cat__dns_query_stats.wp.com,0.0
cat__dns_query_status.geotrust.com,0.0
cat__dns_query_tile-service.weather.microsoft.com,0.0
cat__dns_query_tracking-protection.cdn.mozilla.net,0.0
cat__dns_query_tiles.r53-2.services.mozilla.com,0.0
cat__dns_query_u4.amazonaws.com,0.0
cat__dns_query_u6.amazonaws.com,0.0
cat__dns_query_ubuntu-2.local,0.0
cat__dns_query_ubuntu-3.local,0.0
cat__dns_query_ubuntu.com,0.0
cat__dns_query_ubuntu.local,0.0
cat__dns_query_udjubeutcoxmopt,0.0
cat__dns_query_unitedstates.smartscreen-prod.microsoft.com,0.0
cat__dns_query_vs.login.msa.akadns6.net,0.0
cat__dns_query_updates.metasploit.com,0.0
cat__dns_query_upkbtnzgdgko,0.0
cat__dns_query_us-u.openx.net,0.0
cat__dns_query_us.archive.ubuntu.com,0.0
cat__dns_query_usr.undertone.com,0.0
cat__dns_query_v0cdn.net,0.0
cat__dns_query_v10.events.data.microsoft.com.aria.akadns.net,0.0
cat__dns_query_vmware-host.local,0.0
cat__dns_query_versioncheck-bg.addons.mozilla.org,0.0
cat__dns_query_vidstat.taboola.com,0.0
cat__dns_query_versioncheck.prod.mozaws.net,0.0
cat__dns_query_u5.amazonaws.com,0.0
cat__dns_query_u2.amazonaws.com,0.0
cat__dns_query_tiles.services.mozilla.com,0.0
cat__dns_query_u1.amazonaws.com,0.0
cat__dns_query_tlx.3lift.com,0.0
cat__dns_query_tm1.edgedns-tm.info,0.0
cat__dns_query_tm2.edgedns-tm.info,0.0
cat__dns_query_tools.kali.org,0.0
cat__dns_query_tpc.googlesyndication.com,0.0
cat__dns_query_tps.doubleverify.com,0.0
cat__dns_query_tps701.doubleverify.com,0.0
cat__dns_query_tps704.doubleverify.com,0.0
cat__dns_query_tps706.doubleverify.com,0.0
cat__dns_query_tr.blismedia.com,0.0
cat__dns_query_track.adthrive.com,0.0
cat__dns_query_trafficmanager.net,0.0
cat__dns_query_trc.taboola.com,0.0
cat__dns_query_tsfe.trafficmanager.net,0.0
cat__dns_query_search.services.mozilla.com,0.0
cat__dns_query_watson.telemetry.microsoft.com,0.0
cat__dns_query_tsfe.trafficshaping.dsp.mp.microsoft.com,0.0
cat__dns_query_twgzziqbpi,0.0
cat__dns_query_twitter.com,0.0
cat__dns_query_secure.adnxs.com,0.0
cat__dns_query_ris.api.iris.microsoft.com,0.0
cat__dns_query_search.r53-2.services.mozilla.com,0.0
cat__dns_query_ns4.reverse.deploy.akamaitechnologies.com,0.0
cat__dns_query_ns3.azprdmig.msft.net,0.0
cat__dns_query_ns3.canonical.com,0.0
cat__dns_query_ns3.edgecastdns.net,0.0
cat__dns_query_ns3.equant.net,0.0
cat__dns_query_ns3.p16.dynect.net,0.0
cat__dns_query_ns3.reverse.deploy.akamaitechnologies.com,0.0
cat__dns_query_ns3.zdns.google,0.0
cat__dns_query_ns4-204.azure-dns.info,0.0
cat__dns_query_ns4-64.akam.net,0.0
cat__dns_query_ns4.azprdmig.msft.net,0.0
cat__dns_query_ns4.edgecastdns.net,0.0
cat__dns_query_ns4.zdns.google,0.0
cat__dns_query_ns3-204.azure-dns.org,0.0
cat__dns_query_ns5-65.akam.net,0.0
cat__dns_query_ns5.reverse.deploy.akamaitechnologies.com,0.0
cat__dns_query_ns6.icb.co.uk,0.0
cat__dns_query_ns6.reverse.deploy.akamaitechnologies.com,0.0
cat__dns_query_ns7-66.akam.net,0.0
cat__dns_query_ns7.reverse.deploy.akamaitechnologies.com,0.0
cat__dns_query_ns8.reverse.deploy.akamaitechnologies.com,0.0
cat__dns_query_ns9.inone.com,0.0
cat__dns_query_nsatc.net,0.0
cat__dns_query_ocsp.comodoca.com,0.0
cat__dns_query_ocsp.digicert.com,0.0
cat__dns_query_ns3.afrinic.net,0.0
cat__dns_query_ns3-04.azure-dns.org,0.0
cat__dns_query_scotch.io,0.0
cat__dns_query_ns2.edgecastdns.net,0.0
cat__dns_query_ns1prod.11194.azuredns-prd.info,0.0
cat__dns_query_ns1prod.11194.azuredns-prd.org,0.0
cat__dns_query_ns1prod.18.azuredns-prd.info,0.0
cat__dns_query_ns1prod.18.azuredns-prd.org,0.0
cat__dns_query_ns1prod.6618.azuredns-prd.info,0.0
cat__dns_query_ns1prod.6893.azuredns-prd.info,0.0
cat__dns_query_ns1prod.6893.azuredns-prd.org,0.0
cat__dns_query_ns2-04.azure-dns.net,0.0
cat__dns_query_ns2.123-reg.co.uk,0.0
cat__dns_query_ns2.azprdmig.msft.net,0.0
cat__dns_query_ns2.canonical.com,0.0
cat__dns_query_ns2.equant.net,0.0
cat__dns_query_ns2prod.6893.azuredns-prd.org,0.0
cat__dns_query_ns2.ix.asn.au,0.0
cat__dns_query_ns2.reverse.deploy.akamaitechnologies.com,0.0
cat__dns_query_ns2.zdns.google,0.0
cat__dns_query_ns2prod.11193.azuredns-prd.info,0.0
cat__dns_query_ns2prod.11193.azuredns-prd.org,0.0
cat__dns_query_ns2prod.11194.azuredns-prd.info,0.0
cat__dns_query_ns2prod.11194.azuredns-prd.org,0.0
cat__dns_query_ns2prod.18.azuredns-prd.info,0.0
cat__dns_query_ns2prod.18.azuredns-prd.org,0.0
cat__dns_query_ns2prod.6618.azuredns-prd.info,0.0
cat__dns_query_ns2prod.6893.azuredns-prd.info,0.0
cat__dns_query_ocsp.godaddy.com,0.0
cat__dns_query_ocsp.pki.goog,0.0
cat__dns_query_ocsp.sca1b.amazontrust.com,0.0
cat__dns_query_s-0001.s-msedge.net,0.0
cat__dns_query_prod-cdn.sumo.mozilla.net,0.0
cat__dns_query_prod.normandy.prod.cloudops.mozgcp.net,0.0
cat__dns_query_protected-by.clarium.io,0.0
cat__dns_query_puck.nether.net,0.0
cat__dns_query_push.services.mozilla.com,0.0
cat__dns_query_qvxvqfowvat,0.0
cat__dns_query_rbp.mxptint.net,0.0
cat__dns_query_redirector.gvt1.com,0.0
cat__dns_query_referrer.disqus.com,0.0
cat__dns_query_widgets.wp.com,0.0
cat__dns_query_rtb2.doubleverify.com,0.0
cat__dns_query_s-microsoft.com,0.0
cat__dns_query_ocsp.sectigo.com,0.0
cat__dns_query_s-msedge.net,0.0
cat__dns_query_s.amazon-adsystem.com,0.0
cat__dns_query_s.twitter.com,0.0
cat__dns_query_s0.2mdn.net,0.0
cat__dns_query_s0.wp.com,0.0
cat__dns_query_safebrowsing-cache.google.com,0.0
cat__dns_query_safebrowsing.cache.l.google.com,0.0
cat__dns_query_safebrowsing.google.com,0.0
cat__dns_query_sb.l.google.com,0.0
cat__dns_query_sb.scorecardresearch.com,0.0
cat__dns_query_sc.iasds01.com,0.0
cat__dns_query_pri.authdns.ripe.net,0.0
cat__dns_query_prebid.adnxs.com,0.0
cat__dns_query_poyesueamma,0.0
cat__dns_query_platform.twitter.com,0.0
cat__dns_query_ocsp.trustwave.com,0.0
cat__dns_query_olympia.prod.mozaws.net,0.0
cat__dns_query_oneclient.sfx.ms,0.0
cat__dns_query_oneclient.sfx.ms.edgekey.net,0.0
cat__dns_query_onecollector.cloudapp.aria.akadns.net,0.0
cat__dns_query_onenote.net,0.0
cat__dns_query_openx2-match.dotomi.com,0.0
cat__dns_query_org,0.0
cat__dns_query_p.adsymptotic.com,0.0
cat__dns_query_p.rfihub.com,0.0
cat__dns_query_packages.dmd.metaservices.microsoft.com,0.0
cat__dns_query_pagead2.googlesyndication.com,0.0
cat__dns_query_paowmflm-3.t.nessus.org,0.0
cat__dns_query_pat.ns.cloudflare.com,0.0
cat__dns_query_pdns1.ultradns.net,0.0
cat__dns_query_pdns196.ultradns.biz,0.0
cat__dns_query_pdns3.ultradns.org,0.0
cat__dns_query_pdns5.ultradns.info,0.0
cat__dns_query_pdns6.ultradns.co.uk,0.0
cat__dns_query_pipeline-edge-prod-25-561439127.us-west-2.elb.amazonaws.com,0.0
cat__dns_query_pippio.com,0.0
cat__dns_query_pixel.mathtag.com,0.0
cat__dns_query_pixel.wp.com,0.0
cat__dns_query_wd-prod-ss-us.trafficmanager.net,0.0
cat__dns_query_www.npmjs.com,0.0
cat__dns_query_wildcard.weather.microsoft.com.edgekey.net,0.0
cat__http_uri_/ubuntu/dists/cosmic-security/InRelease,0.0
cat__http_uri_/msdownload/update/v3/static/trustedr/en/disallowedcertstl.cab?6ac6637505baff94,0.0
cat__http_uri_/msdownload/update/v3/static/trustedr/en/disallowedcertstl.cab?e793f3590addb8f9,0.0
cat__http_uri_/msdownload/update/v3/static/trustedr/en/pinrulesstl.cab?9fd0fd9b8b472c10,0.0
cat__http_uri_/msdownload/update/v3/static/trustedr/en/pinrulesstl.cab?be7e9b28fd9108dd,0.0
cat__http_uri_/no_nonce_string/,0.0
cat__http_uri_/no_nonce_string/ContentDirectory/scpd.xml,0.0
cat__http_uri_/nservice/,0.0
cat__http_uri_/ozblX3bYcm/wps_device.xml,0.0
cat__http_uri_/prod/9/9842fdea-4798-4143-b181-565964f5d454.devicemetadata-ms,0.0
cat__http_uri_/success.txt,0.0
cat__http_uri_/ubuntu/dists/cosmic/InRelease,0.0
cat__http_uri_/manual/da/index.html,0.0
cat__http_uri_/ubuntu/pool/main/l/linux/linux-modules-4.18.0-17-generic_4.18.0-17.18_amd64.deb,0.0
cat__http_uri_/upnp/control/ConnectionManager1,0.0
cat__http_uri_/webmail/,0.0
cat__http_uri_/webmail/src/login.php,0.0
cat__http_version_-,0.0
cat__http_version_1.1,0.0
cat__http_user_agent_-,0.0
cat__http_user_agent_DAFUPnP,0.0
cat__http_user_agent_DataCha0s/2.0,0.0
cat__http_user_agent_Debian APT-HTTP/1.3 (1.7.4),0.0
cat__http_uri_/manual/zh-cn/index.html,0.0
cat__http_uri_/manual,0.0
cat__http_user_agent_MICROSOFT_DEVICE_METADATA_RETRIEVAL_CLIENT,0.0
cat__http_uri_/dvwa/login.php-r,0.0
cat__http_uri_/d/msdownload/update/others/2019/04/28705119_64903d90c2dc70d69d1761a1def01e53afc62152.cab,0.0
cat__http_uri_/d/msdownload/update/others/2019/04/28705557_9ba1d575e6cd6d2b7b36b86feeed56ce3c5dc641.cab,0.0
cat__http_uri_/d/msdownload/update/others/2019/04/28705674_3a0fee5605048bd196f34826b10c68f2b62b17c2.cab,0.0
cat__http_uri_/d/msdownload/update/others/2019/04/28706626_06979f425f8df434399e971ecd4599a892022c47.cab,0.0
cat__http_uri_/d/msdownload/update/software/defu/2019/02/updateplatform_23725566d66a26c81fbfaf79701b727f92a650ea.exe,0.0
cat__http_uri_/d/msdownload/update/software/defu/2019/04/am_delta_1e7c6825ff06eeddf3f92482523533378a79057f.exe,0.0
cat__http_uri_/d/msdownload/update/software/defu/2019/04/am_delta_patch_1.291.1079.0_817a44c86e5d4947eab69ca07870bd7de851acc9.exe,0.0
cat__http_uri_/d/msdownload/update/software/updt/2018/10/windows10.0-kb4462930-x64_d52b4bff2c86e2ffc0b40b2dce6b720836e1b646.cab,0.0
cat__http_uri_/dmr,0.0
cat__http_uri_/dvwa/login.php,0.0
cat__http_uri_/dvwa/vulnerabilities/sqli/,0.0
cat__http_uri_/icon_SML.png,0.0
cat__http_uri_/en-US/livetile/preinstall?region=US&appid=C98EA5B0842DBB9405BBF071E1DA76512D21FE36&FORM=Threshold,0.0
cat__http_uri_/filestreamingservice/files/0791715e-2de4-47f2-ba02-d980d28e51c3?P1=1554310793&P2=402&P3=2&P4=OpT40J12u6vnE3wqEWZys2198U3ldmYlyhpWrk2/97kYtZmIE1+2vtQ/7kYGMaPI5urUAJ7NZiZNtiNktgPvaA==,0.0
cat__http_uri_/filestreamingservice/files/1f41d40e-6e49-42f0-a4dc-3d35029e2a5d/pieceshash,0.0
cat__http_uri_/filestreamingservice/files/1f41d40e-6e49-42f0-a4dc-3d35029e2a5d?P1=1554315773&P2=402&P3=2&P4=D2MtshBIyXICLz+f8ls5Sa4mWcxA1B670oj1WRainhnd91v77n9XO6/xoc4QeEYZdwdKSG+6cFNvkBVYbJdXpw==,0.0
cat__http_uri_/filestreamingservice/files/846ab63f-c24f-4c71-bc98-6d8fa3f5e5d7/pieceshash,0.0
cat__http_uri_/filestreamingservice/files/846ab63f-c24f-4c71-bc98-6d8fa3f5e5d7?P1=1554310453&P2=402&P3=2&P4=l0mwXDvb5/y2rqu/g6TNhETQLS++OvWqWkMXYMSnMuqiHgfVXg9rPHQAr/I7U+Oo5I++LRwjHuFY5S5SbIij1g==,0.0
cat__http_uri_/fwlink/?LinkID=252669&clcid=0x409,0.0
cat__http_uri_/icon_LRG.jpg,0.0
cat__http_uri_/icon_LRG.png,0.0
cat__http_uri_/icon_SML.jpg,0.0
cat__http_user_agent_DonutP; Windows98SE,0.0
cat__http_user_agent_Microsoft BITS/7.8,0.0
cat__dns_query_windows.com,0.0
cat__weird_name_active_connection_reuse,0.0
cat__http_resp_mime_types_application/x-debian-package,0.0
cat__http_resp_mime_types_application/xml,0.0
cat__http_resp_mime_types_image/jpeg,0.0
cat__http_resp_mime_types_image/png,0.0
cat__http_resp_mime_types_text/html,0.0
cat__http_resp_mime_types_text/json,0.0
cat__http_resp_mime_types_text/plain,0.0
cat__weird_name_-,0.0
cat__weird_name_DNS_RR_unknown_type,0.0
cat__weird_name_above_hole_data_without_any_acks,0.0
cat__weird_name_bad_TCP_checksum,0.0
cat__http_resp_mime_types_application/ocsp-response,0.0
cat__weird_name_bad_UDP_checksum,0.0
cat__weird_name_connection_originator_SYN_ack,0.0
cat__weird_name_data_before_established,0.0
cat__weird_name_dnp3_corrupt_header_checksum,0.0
cat__weird_name_inappropriate_FIN,0.0
cat__weird_name_possible_split_routing,0.0
cat__weird_addl_-,0.0
cat__weird_addl_46,0.0
cat__weird_addl_48,0.0
cat__weird_notice_-,0.0
cat__http_resp_mime_types_application/vnd.ms-cab-compressed,0.0
cat__http_resp_mime_types_-,0.0
cat__http_user_agent_Microsoft NCSI,0.0
cat__http_user_agent_Mozilla/5.0 (Windows NT 6.3; WOW64) AppleWebKit/537.36 (KHTML; like Gecko) Chrome/53.0.2785.143 Safari/537.36,0.0
cat__http_user_agent_Microsoft-CryptoAPI/10.0,0.0
cat__http_user_agent_Microsoft-Delivery-Optimization/10.0,0.0
cat__http_user_agent_Microsoft-WNS/10.0,0.0
cat__http_user_agent_Microsoft-Windows/10.0 UPnP/1.0,0.0
cat__http_user_agent_Microsoft-Windows/10.0 UPnP/1.0 Microsoft-DLNA DLNADOC/1.50,0.0
cat__http_user_agent_Mozilla/1.22 (compatible; MSIE 10.0; Windows 3.1),0.0
cat__http_user_agent_Mozilla/4.08 [en] (WinNT; I ;Nav),0.0
cat__http_user_agent_Mozilla/5.0 (Macintosh; Intel Mac OS X 10.11; rv:49.0) Gecko/20100101 Firefox/49.0,0.0
cat__http_user_agent_Mozilla/5.0 (Macintosh; Intel Mac OS X 10_12_0) AppleWebKit/537.36 (KHTML; like Gecko) Chrome/53.0.2785.143 Safari/537.36,0.0
cat__http_user_agent_Mozilla/5.0 (SMART-TV; Linux; Tizen 2.3) AppleWebkit/538.1 (KHTML; like Gecko) SamsungBrowser/1.0 Safari/538.1,0.0
cat__http_user_agent_Mozilla/5.0 (Windows NT 6.3; rv:36.0) Gecko/20100101 Firefox/36.0,0.0
cat__http_orig_mime_types_application/xml,0.0
cat__http_user_agent_Mozilla/5.0 (X11; Linux x86_64) AppleWebKit/534.30 (KHTML; like Gecko) Version/4.0 Oupeng/10.2.1.86910 Safari/534.30,0.0
cat__http_user_agent_Mozilla/5.0 (X11; Ubuntu; Linux x86_64; rv:66.0) Gecko/20100101 Firefox/66.0,0.0
cat__http_user_agent_Mozilla/5.0 (iPhone; U; CPU iOS 2_0 like Mac OS X; en-us),0.0
cat__http_user_agent_Ruby,0.0
cat__http_user_agent_User-Agent: Microsoft-DLNA DLNADOC/1.50,0.0
cat__http_user_agent_Windows-Update-Agent/10.0.10011.16384 Client-Protocol/1.91,0.0
cat__http_user_agent_hacking,0.0
cat__http_user_agent_sqlmap/1.2#stable (http://sqlmap.org),0.0
cat__http_orig_mime_types_-,0.0
cat__http_orig_mime_types_application/soap+xml,0.0
cat__http_uri_/d/msdownload/update/others/2019/04/28705002_7eddb7d6f9ecd0a0b2ff81bc63881e4a6f27ede5.cab,0.0
cat__http_uri_/d/msdownload/update/others/2019/04/28704636_0546eb0fd78c9227119ae680e754e1b3d36ffeb1.cab,0.0
cat__http_uri_/d/msdownload/update/others/2019/04/28704526_7452a46155d84684b31367e21ab15d20bd7c1e37.cab,0.0
cat__ssl_cipher_TLS_AES_128_GCM_SHA256,0.0
cat__dns_query_www.virtualbox.org,0.0
cat__dns_query_www.vmware.com,0.0
cat__dns_query_xilwttndpik,0.0
cat__dns_query_xjzmslesdafnf,0.0
cat__dns_query_zryhbluhk,0.0
cat__ssl_version_-,0.0
cat__ssl_version_TLSv10,0.0
cat__ssl_version_TLSv12,0.0
cat__ssl_version_TLSv13,0.0
cat__ssl_cipher_-,0.0
cat__ssl_cipher_TLS_ECDHE_RSA_WITH_AES_128_GCM_SHA256,0.0
cat__dns_query_www.sunnyhoi.com,0.0
cat__ssl_cipher_TLS_ECDHE_RSA_WITH_AES_256_CBC_SHA,0.0
cat__ssl_cipher_TLS_ECDHE_RSA_WITH_AES_256_GCM_SHA384,0.0
cat__ssl_resumed_-,0.0
cat__ssl_resumed_F,0.0
cat__ssl_resumed_T,0.0
cat__ssl_established_-,0.0
cat__ssl_established_F,0.0
cat__ssl_established_T,0.0
cat__ssl_subject_-,0.0
cat__ssl_subject_CN=*.events.data.microsoft.com;OU=Microsoft;O=Microsoft Corporation;L=Redmond;ST=WA;C=US,0.0
cat__dns_query_www.symantec.com,0.0
cat__dns_query_www.sillychicken.co.nz,0.0
cat__http_uri_/d/msdownload/update/others/2019/04/28703850_137633e388b121da187b7c4845b8300e3909114d.cab,0.0
cat__dns_query_www.google.com.au,0.0
cat__dns_query_windowsphone.com,0.0
cat__dns_query_windowsupdate.com,0.0
cat__dns_query_wininst,0.0
cat__dns_query_wns.notify.windows.com.akadns.net,0.0
cat__dns_query_wpad,0.0
cat__dns_query_www.apachefriends.org,0.0
cat__dns_query_www.dvwa.co.uk,0.0
cat__dns_query_www.facebook.com,0.0
cat__dns_query_www.google-analytics.com,0.0
cat__dns_query_www.google.com,0.0
cat__dns_query_www.googletagmanager.com,0.0
cat__dns_query_www.owasp.org,0.0
cat__dns_query_www.googletagservices.com,0.0
cat__dns_query_www.gstatic.com,0.0
cat__dns_query_www.irongeek.com,0.0
cat__dns_query_www.itsecgames.com,0.0
cat__dns_query_www.kali.org,0.0
cat__dns_query_www.linkedin.com,0.0
cat__dns_query_www.mqtt-dashboard.com.hub,0.0
cat__dns_query_www.nethunter.com,0.0
cat__dns_query_ns1prod.11193.azuredns-prd.info,0.0
cat__dns_query_www.offensive-security.com,0.0
cat__ssl_subject_CN=*.wns.windows.com,0.0
cat__ssl_subject_CN=Mr Shepherd;OU=Security Shepherd Project;O=OWASP;L=Dublin;ST=Ireland;C=IE,0.0
cat__ssl_subject_CN=settings-win.data.microsoft.com;OU=WSE;O=Microsoft;L=Redmond;ST=WA;C=US,0.0
cat__http_uri_/c/msdownload/update/others/2019/04/28698818_bfacd682bfb9bf10a7396fb5e080fa0a38d1b153.cab,0.0
cat__http_uri_/?C=M;O=D,0.0
cat__http_uri_/?C=N;O=A,0.0
cat__http_uri_/?C=S;O=A,0.0
cat__http_uri_/?C=S;O=D,0.0
cat__http_uri_/?id=3') UNION ALL SELECT NULL;NULL;NULL;NULL;NULL;NULL;NULL;NULL-- uzzZ,0.0
cat__http_uri_/?id=3');SELECT PG_SLEEP(5)--,0.0
cat__http_uri_/AVTransport_1.xml,0.0
cat__http_uri_/ConnectionManager_1.xml,0.0
cat__http_uri_/MFEwTzBNMEswSTAJBgUrDgMCGgUABBTBL0V27RVZ7LBduom/nYB45SPUEwQU5Z1ZMIJHWMys+ghUNoZ7OrUETfACEA8sEMlbBsCTf7jUSfg+hWk=,0.0
cat__http_uri_/RenderingControl_1.xml,0.0
cat__http_uri_/c/msdownload/update/others/2019/04/28698935_cba82db85983dbc8b69d1f5871c20aaaddd5cf1a.cab,0.0
cat__ssl_subject_CN=sls.update.microsoft.com;OU=DSP;O=Microsoft;L=Redmond;ST=WA;C=US,0.0
cat__http_uri_/c/msdownload/update/others/2019/04/28699347_4732b1ab470d51de66dee45e4114cb6174f55279.cab,0.0
cat__http_uri_/c/msdownload/update/others/2019/04/28699464_f160590bb263a9a1eec87a91553216013f276682.cab,0.0
cat__http_uri_/c/msdownload/update/others/2019/04/28700335_30bfc4d04ec3c1563df1800974a7c7248a8ef680.cab,0.0
cat__http_uri_/c/msdownload/update/others/2019/04/28700452_4cbc02e8e632e8e591c8cf02d8f72821c8171c8e.cab,0.0
cat__http_uri_/c/msdownload/update/software/secu/2019/02/windows10.0-kb4483452-x64_f58d9b9ff95e2b686c4bc7666dbc45aadd151b0c.cab,0.0
cat__http_uri_/c/msdownload/update/software/secu/2019/03/windows10.0-kb4489907-x64_81a7b15b9c65e416e071d15bb9334c7458d70011.cab,0.0
cat__http_uri_/connecttest.txt,0.0
cat__http_uri_/d/msdownload/update/others/2019/04/28699861_9488bae666d9f85a1316793f9e52a14994eae7e5.cab,0.0
cat__http_uri_/d/msdownload/update/others/2019/04/28701422_19fc1c232bf7eb4d3ddd097afebcaa3a0479d76c.cab,0.0
cat__http_uri_/d/msdownload/update/others/2019/04/28702816_586ec5981a557b2f52707c80339980bbda1d24f6.cab,0.0
cat__http_uri_/?C=D;O=D,0.0
cat__http_uri_/?C=D;O=A,0.0
cat__http_uri_/37;51;99;37;55;51;37;54;51;37;55;50;37;54;57;37;55;48;37;55;52;37;50;48;37;55;51;37;55;50;37;54;51;37;51;100;37;51;49;37;50;48;37;54;56;37;55;50;37;54;53;37;54;54;37;51;100;37;51;49;37;50;48;37;54;102;37;54;101;37;54;53;37;55;50;37;55;50;37;54;102;37;55;50;37;51;100;37;50;50;37;54;97;37;54;49;37;55;54;37;54;49;37;55;51;37;54;51;37;55;50;37;54;57;37;55;48;37;55;52;37;51;97;37;51;53;37;51;48;37;51;57;37;51;55;37;51;57;37;51;57;37;51;48;37;51;50;37;54;52;37;54;53;37;51;55;37;54;50;37;51;48;37;51;54;37;51;51;37;54;49;37;51;56;37;51;55;37;54;51;37;51;51;37;51;53;37;51;54;37;51;48;37;51;50;37;51;51;37;54;52;37;51;57;37;54;53;37;51;56;37;51;54;37;54;50;37;54;52;37;50;50;37;51;101;37;51;99;37;50;102;37;55;51;37;54;51;37;55;50;37;54;57;37;55;48;37;55;52;37;51;101,0.0
cat__http_uri_/37;51;99;37;54;53;37;54;100;37;54;50;37;54;53;37;54;52;37;50;48;37;55;51;37;55;50;37;54;51;37;51;100;37;50;50;37;51;52;37;54;52;37;54;52;37;51;53;37;51;49;37;54;52;37;51;55;37;54;50;37;51;50;37;54;51;37;51;51;37;51;53;37;51;51;37;51;57;37;54;54;37;54;52;37;51;55;37;51;53;37;51;49;37;51;49;37;54;49;37;51;54;37;51;50;37;51;51;37;51;49;37;51;48;37;54;51;37;54;53;37;51;48;37;54;54;37;51;55;37;51;51;37;50;50;37;51;101,0.0
cat__ssl_issuer_-,0.0
cat__ssl_issuer_CN=Microsoft IT TLS CA 5;OU=Microsoft IT;O=Microsoft Corporation;L=Redmond;ST=Washington;C=US,0.0
cat__ssl_issuer_CN=Microsoft Secure Server CA 2011;O=Microsoft Corporation;L=Redmond;ST=Washington;C=US,0.0
cat__ssl_issuer_CN=Microsoft Update Secure Server CA 2.1;O=Microsoft Corporation;L=Redmond;ST=Washington;C=US,0.0
cat__ssl_issuer_CN=Mr Shepherd;OU=Security Shepherd Project;O=OWASP;L=Dublin;ST=Ireland;C=IE,0.0
cat__http_trans_depth_-,0.0
cat__http_trans_depth_1,0.0
cat__http_trans_depth_10,0.0
cat__http_trans_depth_2,0.0
cat__http_trans_depth_3,0.0
cat__http_trans_depth_4,0.0
cat__http_trans_depth_5,0.0
cat__http_trans_depth_7,0.0
cat__http_trans_depth_8,0.0
cat__http_trans_depth_9,0.0
cat__http_method_-,0.0
cat__http_method_GET,0.0
cat__http_method_HEAD,0.0
cat__http_method_POST,0.0
cat__http_uri_-,0.0
cat__http_uri_/,0.0
cat__dns_query_ns1prod.11193.azuredns-prd.org,0.0
cat__dns_query_ns-1675.awsdns-17.co.uk,0.0
cat__dns_query_ns1.zdns.google,0.0
cat__dns_query_azureedge.net,0.0
cat__dns_query_android.local,0.0
cat__dns_query_ap.lijit.com,0.0
cat__dns_query_apac2.notify.windows.com.akadns.net,0.0
cat__dns_query_apex.go.sonobi.com,0.0
cat__dns_query_api.snapcraft.io,0.0
cat__dns_query_apis.google.com,0.0
cat__dns_query_apsoutheast-match.deepintent.com,0.0
cat__dns_query_arbbximmhx,0.0
cat__dns_query_arc.msn.com,0.0
cat__dns_query_arc.msn.com.nsatc.net,0.0
cat__dns_query_ari.alpha.aridns.net.au,0.0
cat__dns_query_ari.beta.aridns.net.au,0.0
cat__dns_query_ari.gamma.aridns.net.au,0.0
cat__dns_query_arin.authdns.ripe.net,0.0
cat__dns_query_as-sec.casalemedia.com,0.0
cat__dns_query_asimov-win.settings.data.microsoft.com.akadns.net,0.0
cat__dns_query_au,0.0
cat__dns_query_au-msedge.net,0.0
cat__dns_query_au.download.windowsupdate.com,0.0
cat__dns_query_aus5.mozilla.org,0.0
cat__dns_query_australia.smartscreen-prod.microsoft.com,0.0
cat__dns_query_autopush.prod.mozaws.net,0.0
cat__dns_query_awrbqbrqeh,0.0
cat__dns_query_amazonaws.com,0.0
cat__dns_query_akamaitech.net,0.0
cat__dns_query_akamaiedge.net,0.0
cat__dns_query_accounts.google.com,0.0
cat__dns_query__sleep-proxy._udp.local,0.0
cat__dns_query_a-msedge.net,0.0
cat__dns_query_a.5.c.b.2.2.f.f.1.0.0.0.0.0.0.0.0.0.0.0.0.0.0.0.0.0.0.0.2.0.f.f.ip6.arpa,0.0
cat__dns_query_a.b.a.c.3.6.f.f.1.0.0.0.0.0.0.0.0.0.0.0.0.0.0.0.0.0.0.0.2.0.f.f.ip6.arpa,0.0
cat__dns_query_a.impactradius-go.com,0.0
cat__dns_query_a1089.dscd.akamai.net,0.0
cat__dns_query_a1089.dscd.akamai.net.0.1.cn.akamaitech.net,0.0
cat__dns_query_a1943.g2.akamai.net,0.0
cat__dns_query_aa.agkn.com,0.0
cat__dns_query_abbscnxqkmh,0.0
cat__dns_query_acdn.adnxs.com,0.0
cat__dns_query_akamai.net,0.0
cat__dns_query_ade.googlesyndication.com,0.0
cat__dns_query_adfapwsav1,0.0
cat__dns_query_adfarm.mediaplex.com,0.0
cat__dns_query_adl.windows.com,0.0
cat__dns_query_adl.windows.com.edgesuite.net,0.0
cat__dns_query_ads.adthrive.com,0.0
cat__dns_query_adservice.google.com,0.0
cat__dns_query_adservice.google.com.au,0.0
cat__dns_query_akadns.net,0.0
cat__dns_query_akadns6.net,0.0
cat__dns_query_azure.com,0.0
cat__dns_query_b.4.5.a.a.3.f.f.1.0.0.0.0.0.0.0.0.0.0.0.0.0.0.0.0.0.0.0.2.0.f.f.ip6.arpa,0.0
cat__dns_query__kerberos.mac-seitbld26rm113.local,0.0
cat__dns_query_b.5.3.7.b.5.e.f.f.f.9.2.c.0.2.0.0.0.e.a.8.4.0.1.0.0.e.6.5.0.4.2.ip6.arpa,0.0
cat__dns_query_cdn.onenote.net.edgekey.net,0.0
cat__dns_query_cdn.syndication.twimg.com,0.0
cat__dns_query_cdn.taboola.com,0.0
cat__dns_query_cdn.undertone.com,0.0
cat__dns_query_cdn.viglink.com,0.0
cat__dns_query_ciscobinary.openh264.org,0.0
cat__dns_query_clarium.global.ssl.fastly.net,0.0
cat__dns_query_classify-client.services.mozilla.com,0.0
cat__dns_query_client.wns.windows.com,0.0
cat__dns_query_clients4.google.com,0.0
cat__dns_query_cloudfront.net,0.0
cat__dns_query_cm.g.doubleclick.net,0.0
cat__dns_query_cns3.secureserver.net,0.0
cat__dns_query_cns4.secureserver.net,0.0
cat__dns_query_com.au,0.0
cat__dns_query_config.edge.skype.com,0.0
cat__dns_query_connect.facebook.net,0.0
cat__dns_query_content-signature.cdn.mozilla.net,0.0
cat__dns_query_cp601-prod.do.dsp.mp.microsoft.com,0.0
cat__dns_query_cs9.wac.phicdn.net,0.0
cat__dns_query_cs9.wpc.v0cdn.net,0.0
cat__dns_query_csi.gstatic.com,0.0
cat__dns_query_csm.hk.as.criteo.net,0.0
cat__dns_query_cdn.onenote.net,0.0
cat__dns_query_cdn.fwupd.org,0.0
cat__dns_query_cdn.ampproject.org,0.0
cat__dns_query_bopbwko.mydns.com,0.0
cat__dns_query_b.f.0.0.0.0.0.0.0.0.0.0.0.0.0.0.0.0.0.0.0.0.0.0.0.0.0.0.2.0.f.f.ip6.arpa,0.0
cat__dns_query_b.r06.twtrdns.net,0.0
cat__dns_query_balrog-aus5.r53-2.services.mozilla.com,0.0
cat__dns_query_bid.g.doubleclick.net,0.0
cat__dns_query_biddr.brealtime.com,0.0
cat__dns_query_bing.com,0.0
cat__dns_query_blocklist.addons.mozilla.org,0.0
cat__dns_query_blocklists-settings.prod.mozaws.net,0.0
cat__dns_query_blocklists.settings.services.mozilla.com,0.0
cat__dns_query_bopbwko,0.0
cat__dns_query_bzpdkdmr,0.0
cat__dns_query_cafemedia-d.openx.net,0.0
cat__dns_query_c-msedge.net,0.0
cat__dns_query_c.0.0.0.0.0.0.0.0.0.0.0.0.0.0.0.0.0.0.0.0.0.0.0.0.0.0.0.2.0.f.f.ip6.arpa,0.0
cat__dns_query_c.b.0.c.f.7.b.f.2.b.4.0.3.4.5.f.0.0.0.0.0.0.0.0.0.0.0.0.0.8.e.f.ip6.arpa,0.0
cat__dns_query_c.b.0.c.f.7.f.f.1.0.0.0.0.0.0.0.0.0.0.0.0.0.0.0.0.0.0.0.2.0.f.f.ip6.arpa,0.0
cat__dns_query_c.betrad.com,0.0
cat__dns_query_c.c.5.f.d.4.e.f.f.f.2.4.1.a.c.7.0.0.0.0.0.0.0.0.0.0.0.0.0.8.e.f.ip6.arpa,0.0
cat__dns_query_c.disquscdn.com,0.0
cat__dns_query_c.evidon.com,0.0
cat__dns_query_c.gumgum.com,0.0
cat__dns_query_c.r06.twtrdns.net,0.0
cat__dns_query__raop._tcp.local,0.0
cat__dns_query__ipps._tcp.local,0.0
cat__dns_query_d.4.e.3.5.4.e.1.e.6.1.b.1.d.c.8.0.0.0.0.0.0.0.0.0.0.0.0.0.8.e.f.ip6.arpa,0.0
cat__dns_query_251.205.in-addr.arpa,0.0
cat__dns_query_114.35.168.192.in-addr.arpa,0.0
cat__dns_query_132.35.168.192.in-addr.arpa,0.0
cat__dns_query_135.32.145.8.in-addr.arpa,0.0
cat__dns_query_135.35.168.192.in-addr.arpa,0.0
cat__dns_query_15.taboola.com,0.0
cat__dns_query_152.189.90.40.in-addr.arpa,0.0
cat__dns_query_168.35.168.192.in-addr.arpa,0.0
cat__dns_query_17.1.168.192.in-addr.arpa,0.0
cat__dns_query_17.54.189.192.in-addr.arpa,0.0
cat__dns_query_190.1.168.192.in-addr.arpa,0.0
cat__dns_query_191.1.168.192.in-addr.arpa,0.0
cat__dns_query_192.168.1.195/dvwa/login.php-r.hub,0.0
cat__dns_query_192.251.205.in-addr.arpa,0.0
cat__dns_query_193.1.168.192.in-addr.arpa,0.0
cat__dns_query_194.1.168.192.in-addr.arpa,0.0
cat__dns_query_194.in-addr.arpa,0.0
cat__dns_query_2-01-2967-001e.cdx.cedexis.net,0.0
cat__dns_query_2.7.4.e.b.1.f.f.1.0.0.0.0.0.0.0.0.0.0.0.0.0.0.0.0.0.0.0.2.0.f.f.ip6.arpa,0.0
cat__dns_query_2.au.download.windowsupdate.com,0.0
cat__dns_query_2.debian.pool.ntp.org,0.0
cat__dns_query_213.35.168.192.in-addr.arpa,0.0
cat__dns_query_217.37.94.57.in-addr.arpa,0.0
cat__dns_query_242.83.35.203.in-addr.arpa,0.0
cat__dns_query_111.35.168.192.in-addr.arpa,0.0
cat__dns_query_11.au.download.windowsupdate.com,0.0
cat__dns_query_107.35.168.192.in-addr.arpa,0.0
cat__dns_query_0.0.0.0.0.0.0.0.0.0.0.0.0.0.0.0.0.0.0.0.0.0.0.0.0.0.0.0.0.0.0.0.ip6.arpa,0.0
num__http_request_body_len,0.0
num__http_response_body_len,0.0
num__http_status_code,0.0
cat__proto_icmp,0.0
cat__service_dce_rpc,0.0
cat__service_gssapi,0.0
cat__service_smb,0.0
cat__service_smb;gssapi,0.0
cat__conn_state_S2,0.0
cat__dns_query_(empty),0.0
cat__dns_query_0.194.in-addr.arpa,0.0
cat__dns_query_102.35.168.192.in-addr.arpa,0.0
cat__dns_query_0.4.4.5.9.4.f.f.1.0.0.0.0.0.0.0.0.0.0.0.0.0.0.0.0.0.0.0.2.0.f.f.ip6.arpa,0.0
cat__dns_query_0.5.0.b.c.7.f.f.1.0.0.0.0.0.0.0.0.0.0.0.0.0.0.0.0.0.0.0.2.0.f.f.ip6.arpa,0.0
cat__dns_query_0._teamviewer._tcp.local,0.0
cat__dns_query_1.0.17.172.in-addr.arpa,0.0
cat__dns_query_1.0.194.in-addr.arpa,0.0
cat__dns_query_1.1.0.194.in-addr.arpa,0.0
cat__dns_query_1.1.f.6.2.7.f.f.1.0.0.0.0.0.0.0.0.0.0.0.0.0.0.0.0.0.0.0.2.0.f.f.ip6.arpa,0.0
cat__dns_query_1.4.c.9.9.a.f.f.1.0.0.0.0.0.0.0.0.0.0.0.0.0.0.0.0.0.0.0.2.0.f.f.ip6.arpa,0.0
cat__dns_query_1.d.2.7.8.2.e.f.f.f.9.2.c.0.2.0.0.0.e.a.8.4.0.1.0.0.e.6.5.0.4.2.ip6.arpa,0.0
cat__dns_query_100.218.in-addr.arpa,0.0
cat__dns_query_251.0.0.224.in-addr.arpa,0.0
cat__dns_query_252.0.0.224.in-addr.arpa,0.0
cat__dns_query__ipp._tcp.local,0.0
cat__dns_query_3.0.0.0.1.0.0.0.0.0.0.0.0.0.0.0.0.0.0.0.0.0.0.0.0.0.0.0.2.0.f.f.ip6.arpa,0.0
cat__dns_query_HWXPDWULJFS,0.0
cat__dns_query_ISATAP,0.0
cat__dns_query_MBMSJNXGJGKVX,0.0
cat__dns_query_MCQ,0.0
cat__dns_query_TWGZZIQBPI,0.0
cat__dns_query_VMWARE-HOST,0.0
cat__dns_query_WININST,0.0
cat__dns_query_WPAD,0.0
cat__dns_query_XBKOBNJOMJDN,0.0
cat__dns_query_XJZMSLESDAFNF,0.0
cat__dns_query_XWCLPUPDSRRAIW,0.0
cat__dns_query_YMYBSYFRRZGBF,0.0
cat__dns_query__0354a290._sub._googlecast._tcp.local,0.0
cat__dns_query__233637de._sub._googlecast._tcp.local,0.0
cat__dns_query__airplay._tcp.local,0.0
cat__dns_query__atc._tcp.local,0.0
cat__dns_query__companion-link._tcp.local,0.0
cat__dns_query__fb._tcp.local,0.0
cat__dns_query__googlecast._tcp.local,0.0
cat__dns_query__homekit._tcp.local,0.0
cat__dns_query__http._tcp.security.ubuntu.com,0.0
cat__dns_query__http._tcp.us.archive.ubuntu.com,0.0
cat__dns_query__https._tcp.deb.nodesource.com,0.0
cat__dns_query_EWUCWCHFMIW,0.0
cat__dns_query_DESKTOP-UCIIE91,0.0
cat__dns_query_DESKTOP-P3KKLKQ,0.0
cat__dns_query_6.1.168.192.in-addr.arpa,0.0
cat__dns_query_30.156.233.220.in-addr.arpa,0.0
cat__dns_query_32.1.168.192.in-addr.arpa,0.0
cat__dns_query_4.1.b.7.0.9.f.f.1.0.0.0.0.0.0.0.0.0.0.0.0.0.0.0.0.0.0.0.2.0.f.f.ip6.arpa,0.0
cat__dns_query_4.3.f.1.b.b.f.f.1.0.0.0.0.0.0.0.0.0.0.0.0.0.0.0.0.0.0.0.2.0.f.f.ip6.arpa,0.0
cat__dns_query_43.100.218.in-addr.arpa,0.0
cat__dns_query_5.3.6.f.2.1.f.f.1.0.0.0.0.0.0.0.0.0.0.0.0.0.0.0.0.0.0.0.2.0.f.f.ip6.arpa,0.0
cat__dns_query_5.8.5.1.5.e.f.f.1.0.0.0.0.0.0.0.0.0.0.0.0.0.0.0.0.0.0.0.2.0.f.f.ip6.arpa,0.0
cat__dns_query_51.35.168.192.in-addr.arpa,0.0
cat__dns_query_57.in-addr.arpa,0.0
cat__dns_query_6.1.0.0.0.0.0.0.0.0.0.0.0.0.0.0.0.0.0.0.0.0.0.0.0.0.0.0.2.0.f.f.ip6.arpa,0.0
cat__dns_query_6.c.d.4.8.6.f.f.1.0.0.0.0.0.0.0.0.0.0.0.0.0.0.0.0.0.0.0.2.0.f.f.ip6.arpa,0.0
cat__dns_query_ADFAPWSAV1,0.0
cat__dns_query_66.49.7.96.in-addr.arpa,0.0
cat__dns_query_67.49.7.96.in-addr.arpa,0.0
cat__dns_query_67.61.211.23.in-addr.arpa,0.0
cat__dns_query_7.4.5.c.0.7.f.f.1.0.0.0.0.0.0.0.0.0.0.0.0.0.0.0.0.0.0.0.2.0.f.f.ip6.arpa,0.0
cat__dns_query_7.au.download.windowsupdate.com,0.0
cat__dns_query_70.43.100.218.in-addr.arpa,0.0
cat__dns_query_8.0.3.7.8.1.e.f.f.f.9.2.c.0.2.0.0.0.0.0.0.0.0.0.0.0.0.0.0.8.e.f.ip6.arpa,0.0
cat__dns_query_89.80.13.103.in-addr.arpa,0.0
cat__dns_query_9.3.b.d.c.9.f.f.1.0.0.0.0.0.0.0.0.0.0.0.0.0.0.0.0.0.0.0.2.0.f.f.ip6.arpa,0.0
cat__dns_query_9.32.252.223.in-addr.arpa,0.0
cat__dns_query_ctldl.windowsupdate.com,0.0
cat__dns_query_d.6.9.a.d.5.e.f.f.f.9.2.c.0.2.0.0.0.0.0.0.0.0.0.0.0.0.0.0.8.e.f.ip6.arpa,0.0
cat__dns_query_ns1.reverse.deploy.akamaitechnologies.com,0.0
cat__dns_query_marmalade.adthrive.com,0.0
cat__dns_query_isatap,0.0
cat__dns_query_jigsaw.w3.org,0.0
cat__dns_query_jp-u.openx.net,0.0
cat__dns_query_js.agkn.com,0.0
cat__dns_query_json-schema.org,0.0
cat__dns_query_jsonata.org,0.0
cat__dns_query_kali,0.0
cat__dns_query_kali.hub,0.0
cat__dns_query_kv601-prod.do.dsp.mp.microsoft.com,0.0
cat__dns_query_l.betrad.com,0.0
cat__dns_query_lanphhcqlpf,0.0
cat__dns_query_ldutsbzpxg,0.0
cat__dns_query_links.services.disqus.com,0.0
cat__dns_query_linuxhint.com,0.0
cat__dns_query_live.com,0.0
cat__dns_query_live.net,0.0
cat__dns_query_live.rezync.com,0.0
cat__dns_query_loadm.exelator.com,0.0
cat__dns_query_local,0.0
cat__dns_query_localhost.hub,0.0
cat__dns_query_location.services.mozilla.com,0.0
cat__dns_query_login.live.com,0.0
cat__dns_query_login.msa.akadns6.net,0.0
cat__dns_query_ipv6.msftconnecttest.com,0.0
cat__dns_query_ip6.arpa,0.0
cat__dns_query_io.narrative.io,0.0
cat__dns_query_ib.adnxs.com,0.0
cat__dns_query_http://testphp.vulnweb.com/listproducts.php,0.0
cat__dns_query_http://testphp.vulnweb.com/listproducts.php.hub,0.0
cat__dns_query_https://192.168.1.184,0.0
cat__dns_query_https://192.168.1.184.hub,0.0
cat__dns_query_hugh.ns.cloudflare.com,0.0
cat__dns_query_hvtxbyul-2.t.nessus.org,0.0
cat__dns_query_hwxpdwuljfs,0.0
cat__dns_query_i.w55c.net,0.0
cat__dns_query_i2.wp.com,0.0
cat__dns_query_ib.3lift.com,0.0
cat__dns_query_idsync.rlcdn.com,0.0
cat__dns_query_inference.location.services.windowsphone.com,0.0
cat__dns_query_ie9comview.vo.msecnd.net,0.0
cat__dns_query_iecvlist.microsoft.com,0.0
cat__dns_query_image6.pubmatic.com,0.0
cat__dns_query_images.taboola.com,0.0
cat__dns_query_img-prod-cms-rt-microsoft-com.akamaized.net,0.0
cat__dns_query_imprlatbmp.taboola.com,0.0
cat__dns_query_imprsgmp.taboola.com,0.0
cat__dns_query_in-addr.arpa,0.0
cat__dns_query_incoming.telemetry.mozilla.org,0.0
cat__dns_query_inference.location.live.net,0.0
cat__dns_query_mabocnjqv,0.0
cat__dns_query_match.adsrvr.org,0.0
cat__dns_query_http://192.168.1.195/dvwa/login.php-r,0.0
cat__dns_query_match.rundsp.com,0.0
cat__dns_query_ns-1.amazon.com,0.0
cat__dns_query_ns-1070.awsdns-05.org,0.0
cat__dns_query_ns-1243.awsdns-27.org,0.0
cat__dns_query_ns-1283.awsdns-32.org,0.0
cat__dns_query_ns-1427.awsdns-50.org,0.0
cat__dns_query_ns-1609.awsdns-09.co.uk,0.0
cat__dns_query_ns-1882.awsdns-43.co.uk,0.0
cat__dns_query_ns-2.amazon.com,0.0
cat__dns_query_ns-3.amazon.com,0.0
cat__dns_query_ns-454.awsdns-56.com,0.0
cat__dns_query_ns-690.awsdns-22.net,0.0
cat__dns_query_ns-865.awsdns-44.net,0.0
cat__dns_query_ns-cloud-c1.googledomains.com,0.0
cat__dns_query_ns-cloud-c3.googledomains.com,0.0
cat__dns_query_ns.123-reg.co.uk,0.0
cat__dns_query_ns.axu.tm,0.0
cat__dns_query_ns.trex.fi,0.0
cat__dns_query_ns1-04.azure-dns.com,0.0
cat__dns_query_ns1.azprdmig.msft.net,0.0
cat__dns_query_ns1.canonical.com,0.0
cat__dns_query_ns1.edgecastdns.net,0.0
cat__dns_query_ns1.equant.net,0.0
cat__dns_query_ns1.ix.asn.au,0.0
cat__dns_query_npmjs.com,0.0
cat__dns_query_npdurqmbczdhww,0.0
cat__dns_query_normandy.cdn.mozilla.net,0.0
cat__dns_query_mozorg.cdn.mozilla.net,0.0
cat__dns_query_mbmsjnxgjgkvx,0.0
cat__dns_query_mcq,0.0
cat__dns_query_mickugnd,0.0
cat__dns_query_microsoft.com,0.0
cat__dns_query_mobilesystem.local,0.0
cat__dns_query_momentjs.com,0.0
cat__dns_query_motd.ubuntu.com,0.0
cat__dns_query_mozaws.net,0.0
cat__dns_query_mozgcp.net,0.0
cat__dns_query_mozilla.com,0.0
cat__dns_query_mqtt-dashboard-lb-1160139393.eu-central-1.elb.amazonaws.com,0.0
cat__dns_query_normandy-cdn.services.mozilla.com,0.0
cat__dns_query_msecnd.net,0.0
cat__dns_query_msedge.net,0.0
cat__dns_query_msftconnecttest.com,0.0
cat__dns_query_msftncsi.com,0.0
cat__dns_query_msn.com,0.0
cat__dns_query_mustache.github.io,0.0
cat__dns_query_nav.smartscreen.microsoft.com,0.0
cat__dns_query_nessus.org,0.0
cat__dns_query_nodered.org,0.0
cat__dns_query_nodesource.com,0.0
cat__dns_query_http://192.168.1.195/dvwa/login.php-r.hub,0.0
cat__dns_query_http://192.168.1.194,0.0
cat__dns_query_d.agkn.com,0.0
cat__dns_query_eus.rubiconproject.com,0.0
cat__dns_query_dns.msftncsi.com,0.0
cat__dns_query_downforeveryoneorjustme.com,0.0
cat__dns_query_download.cdn.mozilla.net,0.0
cat__dns_query_download.windowsupdate.com,0.0
cat__dns_query_dsum-sec.casalemedia.com,0.0
cat__dns_query_duckduckgo.com,0.0
cat__dns_query_e-msedge.net,0.0
cat__dns_query_e.c.2.8.8.1.f.f.1.0.0.0.0.0.0.0.0.0.0.0.0.0.0.0.0.0.0.0.2.0.f.f.ip6.arpa,0.0
cat__dns_query_e1.emxdgt.com,0.0
cat__dns_query_e1.emxdgt.com.hub,0.0
cat__dns_query_e15275.g.akamaiedge.net,0.0
cat__dns_query_e15275.g.akamaiedge.net.0.1.cn.akamaiedge.net,0.0
cat__dns_query_e8220.dscd.akamaiedge.net,0.0
cat__dns_query_e9659.dspg.akamaiedge.net,0.0
cat__dns_query_ecsoixtr-0.t.nessus.org,0.0
cat__dns_query_edba.brealtime.com,0.0
cat__dns_query_edgekey.net,0.0
cat__dns_query_edgesuite.net,0.0
cat__dns_query_eeeleoylr,0.0
cat__dns_query_ei.rlcdn.com,0.0
cat__dns_query_elasticsearch.mydns.com,0.0
cat__dns_query_emdl.ws.microsoft.com,0.0
cat__dns_query_emgrthewnf,0.0
cat__dns_query_dmd.metaservices.microsoft.com,0.0
cat__dns_query_disqusads.com,0.0
cat__dns_query_disqus.com,0.0
cat__dns_query_deb.nodesource.com,0.0
cat__dns_query_d.r06.twtrdns.net,0.0
cat__dns_query_d01-01.ns.twtrdns.net,0.0
cat__dns_query_d01-02.ns.twtrdns.net,0.0
cat__dns_query_d12uj65dsn9ho1.cloudfront.net,0.0
cat__dns_query_d2bnxibecyz4h5.cloudfront.net,0.0
cat__dns_query_d2k03kvdk5cku0.cloudfront.net,0.0
cat__dns_query_d2o47bxgqzkcc3.cloudfront.net,0.0
cat__dns_query_d34chcsvb7ug62.cloudfront.net,0.0
cat__dns_query_d6wjo2hisqfy2.cloudfront.net,0.0
cat__dns_query_daisy.ubuntu.com,0.0
cat__dns_query_delivery-asia-northeast-1.openx.net,0.0
cat__dns_query_dhxorum,0.0
cat__dns_query_design.google.com,0.0
cat__dns_query_desktop-7q9apbo,0.0
cat__dns_query_desktop-7q9apbo.local,0.0
cat__dns_query_desktop-p3kklkq.local,0.0
cat__dns_query_desktop-uciie91,0.0
cat__dns_query_desktop-uciie91.local,0.0
cat__dns_query_detectportal.firefox.com,0.0
cat__dns_query_detectportal.firefox.com.hub,0.0
cat__dns_query_detectportal.prod.mozaws.net,0.0
cat__dns_query_developer.twitter.com,0.0
cat__dns_query_encrypted-tbn0.gstatic.com,0.0
cat__dns_query_evoke-windowsservices-tas.msedge.net,0.0
cat__dns_query_http://192.168.1.190.hub,0.0
cat__dns_query_extensions.gnome.org,0.0
cat__dns_query_google.com,0.0
cat__dns_query_google.com.au,0.0
cat__dns_query_googleads.g.doubleclick.net,0.0
cat__dns_query_googleads4.g.doubleclick.net,0.0
cat__dns_query_googleapis.com,0.0
cat__dns_query_googleusercontent.com,0.0
cat__dns_query_graph.facebook.com,0.0
cat__dns_query_gstatic.com,0.0
cat__dns_query_gum.criteo.com,0.0
cat__dns_query_gzfiunfeipr,0.0
cat__dns_query_hb.emxdgt.com,0.0
cat__dns_query_hb.undertone.com,0.0
cat__dns_query_hk2-ap.settings.data.microsoft.com.akadns.net,0.0
cat__dns_query_hk2-eap.settings.data.microsoft.com.akadns.net,0.0
cat__dns_query_hk2.settings.data.microsoft.com.akadns.net,0.0
cat__dns_query_hnzwefg,0.0
cat__dns_query_hnzwefg.mydns.com,0.0
cat__dns_query_hocfblzp,0.0
cat__dns_query_hocfblzp.mydns.com,0.0
cat__dns_query_home_url=192.168.1.190,0.0
cat__dns_query_home_url=192.168.1.190.hub,0.0
cat__dns_query_http://192.168.1.152,0.0
cat__dns_query_http://192.168.1.190,0.0
cat__dns_query_go.microsoft.com,0.0
cat__dns_query_gnome.org,0.0
cat__dns_query_glitter.services.disqus.com,0.0
cat__dns_query_firefox.settings.services.mozilla.com,0.0
cat__dns_query_f.4.2.6.8.8.f.f.1.0.0.0.0.0.0.0.0.0.0.0.0.0.0.0.0.0.0.0.2.0.f.f.ip6.arpa,0.0
cat__dns_query_f.5.a.1.0.d.f.f.1.0.0.0.0.0.0.0.0.0.0.0.0.0.0.0.0.0.0.0.2.0.f.f.ip6.arpa,0.0
cat__dns_query_f.f.f.f.f.f.f.f.f.f.f.f.0.0.0.0.0.0.0.0.0.0.0.0.0.0.0.0.0.8.e.f.ip6.arpa,0.0
cat__dns_query_f.f.ip6.arpa,0.0
cat__dns_query_f.ip6.arpa,0.0
cat__dns_query_fastlane.rubiconproject.com,0.0
cat__dns_query_fe2.update.microsoft.com,0.0
cat__dns_query_fe3.delivery.mp.microsoft.com,0.0
cat__dns_query_feedburner.google.com,0.0
cat__dns_query_firefox.com,0.0
cat__dns_query_fontawesome.com,0.0
cat__dns_query_github.io,0.0
cat__dns_query_fonts.googleapis.com,0.0
cat__dns_query_fonts.gstatic.com,0.0
cat__dns_query_fqsmsosyxgrsb,0.0
cat__dns_query_ftp.mozilla.org,0.0
cat__dns_query_g.live.com,0.0
cat__dns_query_g.msn.com.nsatc.net,0.0
cat__dns_query_geo-prod.do.dsp.mp.microsoft.com,0.0
cat__dns_query_geover-prod.do.dsp.mp.microsoft.com,0.0
cat__dns_query_ggxfpkyzv,0.0
cat__dns_query_github.com,0.0
cat__weird_notice_F,0.0
